"Périmètre","Municipalité","MRC","Score %","Nb immeubles","Nb logements","Alimentation %","Service de garde %","École primaire %","École secondaire %","Espaces naturels %","Loisirs et sport %","Équipements culturels %","Pharmacie %","Soins de santé 1re ligne %","Transport en commun %","Mobilité partagée %","Réseau cyclable %","Nb lacunes"
"#1","Mirabel","Mirabel","26","360","504","100","0","78","0","99","0","0","38","0","0","0","0","9"
"#2","Mont-Tremblant","Les Laurentides","6","33","33","0","0","0","0","0","0","0","0","0","33","0","33","12"
"#3","Notre-Dame-de-Pontmain","Antoine-Labelle","25","64","87","100","0","100","0","100","0","0","0","0","0","0","0","9"
"#4","La Macaza","Antoine-Labelle","17","21","22","100","0","0","0","100","0","0","0","0","0","0","0","10"
"#5","Brownsburg-Chatham","Argenteuil","9","371","490","0","0","27","0","66","0","0","0","0","0","0","14","12"
"#7","Mirabel","Mirabel","23","140","176","100","0","100","0","74","0","0","0","0","0","0","0","9"
"#8","Rosemère","Thérèse-De Blainville","25","28","30","100","0","0","0","3","0","0","0","100","100","0","0","9"
"#9","Mirabel","Mirabel","17","240","382","0","0","0","0","100","0","0","0","0","100","0","9","10"
"#10","Mirabel","Mirabel","15","1088","1234","0","0","53","0","46","59","0","0","0","0","0","22","12"
"#11","Mirabel","Mirabel","3","224","267","0","0","0","0","33","0","0","0","0","0","0","0","12"
"#12","Mirabel","Mirabel","20","3","3","100","0","0","67","0","0","67","0","0","0","0","0","11"
"#13","Mirabel","Mirabel","4","19","24","0","0","0","0","0","0","0","0","0","42","0","0","12"
"#14","Saint-André-d'Argenteuil","Argenteuil","33","65","74","0","0","0","0","100","0","99","0","0","100","0","100","8"
"#15","Grenville","Argenteuil","26","639","992","92","0","91","0","55","0","0","0","0","20","0","54","10"
"#16","Rosemère","Thérèse-De Blainville","42","14","15","100","0","0","0","100","0","0","0","100","100","0","100","7"
"#17","Mont-Saint-Michel","Antoine-Labelle","25","117","135","100","0","100","0","100","0","0","0","0","0","0","0","9"
"#18","L'Ascension","Antoine-Labelle","33","118","139","100","0","100","0","100","0","100","0","0","0","0","0","8"
"#20","Mirabel","Mirabel","38","2734","3495","57","0","87","87","79","16","36","15","41","0","0","42","9"
"#21","Mirabel","Mirabel","32","279","387","99","0","98","0","87","96","0","0","0","0","0","0","8"
"#22","Mirabel","Mirabel","47","7317","10877","76","16","80","53","90","27","39","21","25","50","0","88","8"
"#23","Mirabel","Mirabel","6","45","46","0","0","0","0","70","0","0","0","0","0","0","0","11"
"#24","Mirabel","Mirabel","5","57","59","0","0","0","0","0","61","0","0","0","0","0","0","12"
"#25","Mirabel","Mirabel","28","3282","4916","77","8","40","0","98","0","47","4","0","0","0","61","10"
"#26","Lac-des-Écorces","Antoine-Labelle","23","175","207","100","0","0","0","75","0","100","0","0","0","0","0","9"
"#27","Rivière-Rouge","Antoine-Labelle","29","196","253","85","0","91","0","80","86","0","0","0","0","0","0","8"
"#28","Saint-Aimé-du-Lac-des-Îles","Antoine-Labelle","32","27","34","85","0","100","0","100","100","0","0","0","0","0","0","8"
"#29","Morin-Heights","Les Pays-d'en-Haut","41","662","798","99","37","86","0","68","0","83","50","0","0","0","73","8"
"#31","Saint-Adolphe-d'Howard","Les Pays-d'en-Haut","22","480","585","96","0","0","0","81","75","0","0","0","0","0","14","9"
"#32","Lac-Saint-Paul","Antoine-Labelle","17","36","43","100","0","0","0","100","0","0","0","0","0","0","0","10"
"#33","Notre-Dame-du-Laus","Antoine-Labelle","24","135","164","100","0","100","0","87","0","0","0","0","0","0","0","9"
"#34","Lac-Saguay","Antoine-Labelle","25","85","99","100","0","0","0","100","0","100","0","0","0","0","0","9"
"#35","Lac-des-Écorces","Antoine-Labelle","39","247","383","100","0","100","0","74","0","100","96","0","0","0","0","7"
"#36","Lac-du-Cerf","Antoine-Labelle","8","48","49","0","0","0","0","94","0","0","0","0","0","0","0","11"
"#37","Kiamika","Antoine-Labelle","33","49","54","100","0","100","0","100","0","100","0","0","0","0","0","8"
"#38","Ferme-Neuve","Antoine-Labelle","41","670","885","99","0","99","0","98","100","99","0","0","0","0","0","7"
"#39","Mont-Laurier","Antoine-Labelle","27","384","440","84","0","84","0","70","0","81","0","0","0","0","0","8"
"#40","Mont-Laurier","Antoine-Labelle","10","33","34","0","0","0","0","32","0","88","0","0","0","0","0","11"
"#41","Chute-Saint-Philippe","Antoine-Labelle","25","92","96","100","0","100","0","100","0","0","0","0","0","0","0","9"
"#42","Rivière-Rouge","Antoine-Labelle","34","542","938","90","0","75","0","78","0","79","50","0","0","0","41","8"
"#43","Chute-Saint-Philippe","Antoine-Labelle","8","8","8","100","0","0","0","0","0","0","0","0","0","0","0","11"
"#44","Sainte-Anne-du-Lac","Antoine-Labelle","25","114","148","100","0","100","0","100","0","0","0","0","0","0","0","9"
"#45","Mont-Laurier","Antoine-Labelle","62","2586","4226","93","23","90","0","72","90","80","62","88","76","0","67","5"
"#46","Grenville-sur-la-Rouge","Argenteuil","8","53","67","15","0","7","0","0","0","0","0","0","79","0","0","11"
"#47","Grenville-sur-la-Rouge","Argenteuil","16","190","215","34","0","0","0","73","0","87","0","0","3","0","0","10"
"#48","Grenville-sur-la-Rouge","Argenteuil","17","178","189","51","0","51","0","0","0","52","0","0","49","0","0","12"
"#49","Brownsburg-Chatham","Argenteuil","25","173","224","100","0","100","0","100","0","0","0","0","0","0","0","9"
"#50","Saint-André-d'Argenteuil","Argenteuil","30","605","696","84","0","78","0","67","0","0","63","0","0","0","62","10"
"#51","Estérel","Les Pays-d'en-Haut","42","2","2","100","0","0","0","100","0","100","100","100","0","0","0","7"
"#52","Sainte-Marguerite-du-Lac-Masson","Les Pays-d'en-Haut","31","416","554","88","0","0","0","74","0","78","57","79","0","0","0","8"
"#53","Brownsburg-Chatham","Argenteuil","50","973","1302","97","0","99","0","96","0","97","78","0","97","0","38","6"
"#54","Lachute","Argenteuil","53","3643","6589","83","23","83","56","53","79","81","19","64","0","0","92","7"
"#55","La Minerve","Les Laurentides","25","56","68","100","0","100","0","100","0","0","0","0","0","0","0","9"
"#56","La Conception","Les Laurentides","25","265","337","0","0","0","0","99","0","100","0","0","0","0","100","9"
"#57","Brébeuf","Les Laurentides","32","328","436","100","0","0","0","87","0","100","0","0","0","0","98","8"
"#58","Amherst","Les Laurentides","40","146","210","100","0","100","0","100","0","100","0","0","0","0","78","7"
"#59","Huberdeau","Les Laurentides","33","190","251","100","0","100","0","100","0","0","0","0","0","0","100","8"
"#60","Mont-Tremblant","Les Laurentides","74","2283","3774","100","55","62","100","99","93","53","30","92","100","0","100","5"
"#61","Mont-Blanc","Les Laurentides","33","1154","1556","84","0","0","0","77","56","51","35","0","0","0","95","9"
"#62","Sainte-Lucie-des-Laurentides","Les Laurentides","0","55","55","0","0","0","0","0","0","0","0","0","0","0","0","12"
"#63","Sainte-Lucie-des-Laurentides","Les Laurentides","25","174","213","100","0","0","0","100","0","100","0","0","0","0","0","9"
"#64","Mont-Tremblant","Les Laurentides","46","947","952","99","0","0","0","56","97","0","0","0","100","100","94","7"
"#65","Saint-Jérôme","La Rivière-du-Nord","45","20188","36889","50","1","81","70","69","26","31","11","32","99","16","52","9"
"#66","Prévost","La Rivière-du-Nord","34","2312","2792","81","0","48","22","72","17","31","18","0","56","0","68","10"
"#67","Mont-Tremblant","Les Laurentides","53","404","500","96","63","0","0","80","100","96","0","0","100","0","100","6"
"#68","Nominingue","Antoine-Labelle","58","213","270","100","0","100","0","100","0","100","100","0","100","0","100","5"
"#69","Saint-Joseph-du-Lac","Deux-Montagnes","19","223","281","0","0","72","0","78","0","0","0","0","79","0","0","9"
"#71","Saint-Placide","Deux-Montagnes","0","40","43","0","0","0","0","0","0","0","0","0","0","0","0","12"
"#72","Saint-Placide","Deux-Montagnes","30","149","205","100","0","97","0","67","0","0","0","0","0","0","90","9"
"#73","Saint-Eustache","Deux-Montagnes","15","5","5","80","0","0","0","0","0","0","0","0","100","0","0","10"
"#74","Saint-Eustache","Deux-Montagnes","15","8","8","0","0","0","0","75","0","0","0","0","50","0","50","11"
"#75","Saint-Eustache","Deux-Montagnes","8","1","1","0","0","0","0","0","0","0","0","0","100","0","0","11"
"#76","Piedmont","Les Pays-d'en-Haut","8","81","87","0","0","0","0","3","0","0","0","0","87","0","0","11"
"#77","Saint-Sauveur","Les Pays-d'en-Haut","23","3497","4362","75","9","31","0","29","24","39","15","23","33","0","1","11"
"#78","Piedmont","Les Pays-d'en-Haut","22","1729","1926","47","0","0","0","15","32","55","4","9","69","0","30","12"
"#79","Piedmont","Les Pays-d'en-Haut","17","4","4","0","0","0","0","0","100","0","0","0","100","0","0","10"
"#80","Sainte-Adèle","Les Pays-d'en-Haut","74","2294","3445","90","56","91","98","80","93","87","53","78","90","34","39","4"
"#81","Sainte-Adèle","Les Pays-d'en-Haut","65","590","796","77","52","92","100","54","51","60","0","63","78","100","48","7"
"#82","Boisbriand","Thérèse-De Blainville","0","6","8","0","0","0","0","0","0","0","0","0","0","0","0","12"
"#83","Labelle","Les Laurentides","50","577","840","100","0","89","0","79","21","93","69","92","0","0","56","7"
"#84","Sainte-Agathe-des-Monts","Les Laurentides","59","2976","4933","97","43","83","0","77","40","76","66","74","67","0","87","6"
"#85","Blainville","Thérèse-De Blainville","48","19212","23361","67","18","62","60","68","48","0","19","52","97","0","90","10"
"#86","Sainte-Anne-des-Plaines","Thérèse-De Blainville","44","3884","5251","82","0","72","85","73","0","42","16","15","99","0","47","7"
"#87","Oka","Deux-Montagnes","21","147","158","100","0","0","94","0","0","0","0","0","0","0","60","10"
"#88","Saint-Eustache","Deux-Montagnes","57","14290","19044","90","19","80","47","64","31","32","16","60","100","56","91","8"
"#89","Oka","Deux-Montagnes","37","837","988","85","35","0","0","57","0","52","24","60","51","0","75","10"
"#90","Pointe-Calumet","Deux-Montagnes","26","2387","2717","42","16","68","0","53","0","0","0","0","100","0","31","11"
"#91","Saint-Eustache","Deux-Montagnes","31","94","94","100","0","99","0","0","0","0","0","0","100","0","71","8"
"#92","Saint-Colomban","La Rivière-du-Nord","43","161","229","100","0","100","0","76","0","100","50","93","0","0","0","7"
"#93","Sainte-Sophie","La Rivière-du-Nord","30","491","786","84","0","77","0","81","0","100","14","0","0","0","0","8"